number,genname,bus,busname,Pmin,Pmax,minON,minOFF,Status,IntHour,IntPow,SUCost,SDCost,NOLOADCOST,k1,SP1,k2,SP2,k3,SP3,k4,SP4,RAMP_RATE,DB,SPIN,REGULATION_UP,REGULATION_DN,Rec_Time,SUTime,SDTime,PFRflag,AGCupflag,AGCdownflag,Ri
1,NORTHG1,15,B101,300,600.0,9,24,1,24,300.0,24.55,0,13.82,13.82,350.0,13.82,600.0,0,600.0,0,600.0,8,0.036000000000000004,0.01,0.01,0.01,5,70,70,1,1,1,0.005
2,WESTG1,16,B111,300,1200.0,3,3,1,24,579.0248404,47.46,0,19.79345455,19.79345455,1000.0,19.79345455,1200.0,0,1200.0,0,1200.0,12,0.036000000000000004,0.01,0.01,0.01,5,50,50,1,1,1,0.0025
3,SOUTHG1,17,B231,50,600.0,1,1,1,24,177.8041596,0.0,0,1.0,1.0,599.0,1.0,600.0,0,600.0,0,600.0,18,0.036000000000000004,0.01,0.01,0.01,5,25,25,1,1,1,0.005
4,EASTG1,18,B311,1000,1200.0,24,24,1,24,1200.0,0.0,0,2.0,2.0,1199.0,2.0,1200.0,0,1200.0,0,1200.0,1,0.036000000000000004,0.01,0.01,0.01,5,240,240,0,0,0,0.0025
5,PV1,19,B312,0,1499.790937,0,0,1,24,0.0,0.0,0,0.0,0.0,1499.790937,0.0,1499.790937,0,1499.790937,0,1499.790937,250,0.036000000000000004,0.001,0.001,0.001,5,0,0,1,1,1,0.0020002787895230492
