hour,PV1
1,0
2,0
3,0
4,0
5,0
6,0
7,747.9919011
8,1278.914883
9,1355.145604
10,1435.926744
11,1481.54153
12,1494.939807
13,1492.244894
14,1486.979154
15,1470.236391
16,1421.751776
17,1315.444948
18,756.2452522
19,128.6346077
20,0
21,0
22,0
23,0
24,0